INSERT INTO customer (fname, mname, ltname, phone_no, encrypted_password, dob)
VALUES
    ('Aarav', 'Kumar', 'Patel', '1111111111', 'encrypted_password1', '1995-01-10'),
    ('Aanya', 'Singh', 'Sharma', '2222222222', 'encrypted_password2', '1990-04-15'),
    ('Advait', 'Joshi', 'Gupta', '3333333333', 'encrypted_password3', '1988-09-20'),
    ('Anaya', 'Verma', 'Malhotra', '4444444444', 'encrypted_password4', '1992-06-25'),
    ('Arjun', 'Shah', 'Chopra', '5555555555', 'encrypted_password5', '1998-03-30'),
    ('Avni', 'Gupta', 'Khanna', '6666666666', 'encrypted_password6', '1990-12-05'),
    ('Aryan', 'Trivedi', 'Sharma', '7777777777', 'encrypted_password7', '1996-02-10'),
    ('Diya', 'Patel', 'Dave', '8888888888', 'encrypted_password8', '1985-11-15'),
    ('Ishaan', 'Desai', 'Pandey', '9999999999', 'encrypted_password9', '1993-07-20'),
    ('Kavya', 'Mehta', 'Thakkar', '1010101010', 'encrypted_password10', '1990-04-25'),
    ('Mohit', 'Gandhi', 'Shah', '1212121212', 'encrypted_password11', '1988-09-30'),
    ('Neha', 'Sharma', 'Patel', '1313131313', 'encrypted_password12', '1992-06-05'),
    ('Pranav', 'Chauhan', 'Mehta', '1414141414', 'encrypted_password13', '1998-03-10'),
    ('Riya', 'Shah', 'Joshi', '1515151515', 'encrypted_password14', '1990-12-15'),
    ('Rohan', 'Patel', 'Sharma', '1616161616', 'encrypted_password15', '1996-02-20'),
    ('Saanvi', 'Gupta', 'Verma', '1717171717', 'encrypted_password16', '1985-11-25'),
    ('Shivansh', 'Sharma', 'Chopra', '1818181818', 'encrypted_password17', '1993-07-30'),
    ('Tanvi', 'Mehta', 'Gupta', '1919191919', 'encrypted_password18', '1990-04-05'),
    ('Vihaan', 'Shah', 'Jain', '2020202020', 'encrypted_password19', '1988-09-10'),
    ('Zara', 'Kumar', 'Patel', '2121212121', 'encrypted_password20', '1992-06-15');

INSERT INTO branch (bid, bname, city, state, pincode)
VALUES
    (1, 'Main Branch', 'Mumbai', 'Maharashtra', '400001'),
    (2, 'Central Branch', 'Delhi', 'Delhi', '110001'),
    (3, 'South Branch', 'Chennai', 'Tamil Nadu', '600001'),
    (4, 'West Branch', 'Ahmedabad', 'Gujarat', '380001');
    
INSERT INTO account (acc_no, bid, phone_no, balance, isActive, type)
VALUES
    ('AC00000000000001', 1, '1111111111', 5000, true, 'S'),
    ('AC00000000000002', 2, '2222222222', 10000, true, 'S'),
    ('AC00000000000003', 3, '3333333333', 15000, true, 'C'),
    ('AC00000000000004', 4, '4444444444', 20000, true, 'C'),
    ('AC00000000000005', 1, '5555555555', 25000, true, 'S'),
    ('AC00000000000006', 2, '6666666666', 30000, true, 'S'),
    ('AC00000000000007', 3, '7777777777', 35000, true, 'C'),
    ('AC00000000000008', 4, '8888888888', 40000, true, 'C'),
    ('AC00000000000009', 1, '9999999999', 45000, true, 'S'),
    ('AC00000000000010', 2, '1010101010', 50000, true, 'S'),
    ('AC00000000000011', 3, '1111111111', 55000, true, 'C'),
    ('AC00000000000012', 4, '2222222222', 60000, true, 'C'),
    ('AC00000000000013', 1, '3333333333', 65000, true, 'S'),
    ('AC00000000000014', 2, '4444444444', 70000, true, 'S'),
    ('AC00000000000015', 3, '5555555555', 75000, true, 'C'),
    ('AC00000000000016', 4, '6666666666', 80000, true, 'C'),
    ('AC00000000000017', 1, '7777777777', 85000, true, 'S'),
    ('AC00000000000018', 2, '8888888888', 90000, true, 'S'),
    ('AC00000000000019', 3, '9999999999', 95000, true, 'C'),
    ('AC00000000000020', 4, '1010101010', 100000, true, 'C');


-- Transactions
INSERT INTO transaction (tid, acc_no, type, amount, time)
VALUES
        
    (1, 'AC00000000000001', 'D', 500,  '2000-01-01 10:00:00'),
    (2, 'AC00000000000002', 'D', 1000, '2000-02-02 12:00:00'),
    (3, 'AC00000000000003', 'C', 1500, '2000-03-03 14:00:00'),
    (4, 'AC00000000000004', 'C', 2000, '2000-04-04 16:00:00'),
    (5, 'AC00000000000005', 'D', 2500, '2000-05-05 18:00:00'),
    (6, 'AC00000000000006', 'D', 3000, '2000-06-06 20:00:00'),
    (7, 'AC00000000000007', 'C', 3500, '2000-07-07 22:00:00'),
    (8, 'AC00000000000008', 'C', 4000, '2000-08-08 00:00:00'),
    (9, 'AC00000000000009', 'D', 4500, '2000-09-09 02:00:00'),
    (10, 'AC00000000000010', 'D', 5000,'2000-10-10 04:00:00');

-- Loans
INSERT INTO loan (lid, acc_no, amount, interest_rate, start_date, end_date)
VALUES
        
    (1, 'AC00000000000001', 10000, 5,    '2000-01-01', '2001-01-01'),
    (2, 'AC00000000000002', 20000, 6,    '2000-02-02', '2001-02-02'),
    (3, 'AC00000000000003', 30000, 7,    '2000-03-03', '2001-03-03'),
    (4, 'AC00000000000004', 40000, 8,    '2000-04-04', '2001-04-04'),
    (5, 'AC00000000000005', 50000, 9,    '2000-05-05', '2001-05-05'),
    (6, 'AC00000000000006', 60000, 10,   '2000-06-06', '2001-06-06'),
    (7, 'AC00000000000007', 70000, 11,   '2000-07-07', '2001-07-07'),
    (8, 'AC00000000000008', 80000, 12,   '2000-08-08', '2001-08-08'),
    (9, 'AC00000000000009', 90000, 13,   '2000-09-09', '2001-09-09'),
    (10, 'AC00000000000010', 100000, 14, '2000-10-10', '2001-10-10');

INSERT INTO card (card_no, acc_no, card_type, expiry_date, cvv)
VALUES
    ('0000000000000001', 'AC00000000000001', 'D', '2023-01-01', '123'),
    ('0000000000000002', 'AC00000000000002', 'D', '2023-02-02', '234'),
    ('0000000000000003', 'AC00000000000003', 'C', '2023-03-03', '345'),
    ('0000000000000004', 'AC00000000000004', 'C', '2023-04-04', '456'),
    ('0000000000000005', 'AC00000000000005', 'D', '2023-05-05', '567'),
    ('0000000000000006', 'AC00000000000006', 'D', '2023-06-06', '678'),
    ('0000000000000007', 'AC00000000000007', 'C', '2023-07-07', '789'),
    ('0000000000000008', 'AC00000000000008', 'C', '2023-08-08', '890'),
    ('0000000000000009', 'AC00000000000009', 'D', '2023-09-09', '901'),
    ('0000000000000010', 'AC00000000000010', 'D', '2023-10-10', '012'),
    ('0000000000000011', 'AC00000000000001', 'C', '2023-11-11', '123'),
    ('0000000000000012', 'AC00000000000002', 'D', '2023-12-12', '234'),
    ('0000000000000013', 'AC00000000000003', 'D', '2023-01-01', '345'),
    ('0000000000000014', 'AC00000000000004', 'C', '2023-02-02', '456'),
    ('0000000000000015', 'AC00000000000005', 'C', '2023-03-03', '567');
